﻿<?xml version="1.0" encoding="utf-8" ?>
<configuration>
	<!-- This indicates the tools version with which this installer is associated.-->
	<tools version="2024.12.21.0" />

	<!-- Define the installer pages.  Third-party build tool and component providers can add new pages that
			 they have created to install their own products as well. -->
	<pages>
		<!-- These are the pages used by the installer.  Their order here will determine their order in the
				 installation form.  If set, the assembly attribute is the assembly containing the given type.  If
				 not set, the given installer page type is assumed to be in the same assembly as the currently
				 executing installer. -->
		<page type="Sandcastle.Installer.InstallerPages.WelcomePage" />

		<page type="Sandcastle.Installer.InstallerPages.WhatsNewPage">
			<whatsNew url="https://EWSoftware.github.io/SHFB/html/430ecc56-ffcb-4470-aa5c-23b125965164.htm"
				description="Current Version Release Notes" />
			<whatsNew url="https://EWSoftware.github.io/SHFB/html/bc933f8f-e792-45bf-afec-62aa2c46aa3b.htm"
				description="Third-Party Component Migration Support" />
		</page>

		<page type="Sandcastle.Installer.InstallerPages.HelpFileFormatsPage">
			<page type="Sandcastle.Installer.InstallerPages.Help1CompilerPage" />
		</page>

		<page type="Sandcastle.Installer.InstallerPages.SandcastleHelpFileBuilderPage"
			installerName="SandcastleHelpFileBuilder.msi"/>

		<page type="Sandcastle.Installer.InstallerPages.SHFBVisualStudioPackagePage">
			<package name="SHFBVisualStudioPackage_VS2017And2019.vsix"
				id="c997d569-ee8e-4947-a46f-9a0717ce39a0" supportedVersions="15,16" />
			<package name="SHFBVisualStudioPackage_VS2022AndLater.vsix"
				id="SHFB.A8C96335-DAF7-4D30-89E2-B004400E4525" supportedVersions="17" />

			<page type="Sandcastle.Installer.InstallerPages.MamlIntelliSensePage" supportedVersions="15,16,17" />
			<page type="Sandcastle.Installer.InstallerPages.MamlSnippetsPage" supportedVersions="15,16,17" />
		</page>

		<page type="Sandcastle.Installer.InstallerPages.VisualStudioSpellCheckerPage" />
		<page type="Sandcastle.Installer.InstallerPages.ExtendedDocCommentsProviderPage" />
		<page type="Sandcastle.Installer.InstallerPages.CompletionPage" />
	</pages>
</configuration>
